{
  "hash": "75689514",
  "configHash": "4b45fc5a",
  "lockfileHash": "8f1e579a",
  "browserHash": "996575be",
  "optimized": {
    "@angular/common": {
      "src": "../../../../../node_modules/@angular/common/fesm2022/common.mjs",
      "file": "@angular_common.js",
      "fileHash": "1fdfb9b6",
      "needsInterop": false
    },
    "@angular/core": {
      "src": "../../../../../node_modules/@angular/core/fesm2022/core.mjs",
      "file": "@angular_core.js",
      "fileHash": "456770a4",
      "needsInterop": false
    },
    "@angular/forms": {
      "src": "../../../../../node_modules/@angular/forms/fesm2022/forms.mjs",
      "file": "@angular_forms.js",
      "fileHash": "e74b93ee",
      "needsInterop": false
    },
    "@angular/platform-browser": {
      "src": "../../../../../node_modules/@angular/platform-browser/fesm2022/platform-browser.mjs",
      "file": "@angular_platform-browser.js",
      "fileHash": "716aec56",
      "needsInterop": false
    },
    "@angular/router": {
      "src": "../../../../../node_modules/@angular/router/fesm2022/router.mjs",
      "file": "@angular_router.js",
      "fileHash": "3f1cc1df",
      "needsInterop": false
    }
  },
  "chunks": {
    "chunk-ORY4HA6X": {
      "file": "chunk-ORY4HA6X.js"
    },
    "chunk-LKOJXNUV": {
      "file": "chunk-LKOJXNUV.js"
    },
    "chunk-BYZM5OVL": {
      "file": "chunk-BYZM5OVL.js"
    }
  }
}