{
  "hash": "8e8bb9b5",
  "configHash": "24d5056a",
  "lockfileHash": "90f362d1",
  "browserHash": "40b4bdfd",
  "optimized": {
    "@angular/common": {
      "src": "../../../../../node_modules/@angular/common/fesm2022/common.mjs",
      "file": "@angular_common.js",
      "fileHash": "86cf19ed",
      "needsInterop": false
    },
    "@angular/core": {
      "src": "../../../../../node_modules/@angular/core/fesm2022/core.mjs",
      "file": "@angular_core.js",
      "fileHash": "d6376eff",
      "needsInterop": false
    },
    "@angular/forms": {
      "src": "../../../../../node_modules/@angular/forms/fesm2022/forms.mjs",
      "file": "@angular_forms.js",
      "fileHash": "d4850d6a",
      "needsInterop": false
    },
    "@angular/platform-browser": {
      "src": "../../../../../node_modules/@angular/platform-browser/fesm2022/platform-browser.mjs",
      "file": "@angular_platform-browser.js",
      "fileHash": "1a0942f7",
      "needsInterop": false
    },
    "@angular/platform-browser/animations/async": {
      "src": "../../../../../node_modules/@angular/platform-browser/fesm2022/animations/async.mjs",
      "file": "@angular_platform-browser_animations_async.js",
      "fileHash": "59905802",
      "needsInterop": false
    },
    "@angular/router": {
      "src": "../../../../../node_modules/@angular/router/fesm2022/router.mjs",
      "file": "@angular_router.js",
      "fileHash": "91c784ce",
      "needsInterop": false
    }
  },
  "chunks": {
    "chunk-2ZJC6V2N": {
      "file": "chunk-2ZJC6V2N.js"
    },
    "browser-LXORZJB3": {
      "file": "browser-LXORZJB3.js"
    },
    "chunk-PDAGKNML": {
      "file": "chunk-PDAGKNML.js"
    },
    "chunk-ZM642NCP": {
      "file": "chunk-ZM642NCP.js"
    }
  }
}